﻿{
  "$schema": "http://adaptivecards.io/schemas/adaptive-card.json",
  "type": "AdaptiveCard",
  "version": "1.0",
  "body": [
    {
      "type": "Container",
      "items": [
        {
          "type": "TextBlock",
          "text": "Publish Adaptive Card schema",
          "weight": "bolder",
          "size": "medium"
        },
        {
          "type": "ColumnSet",
          "columns": [
            {
              "type": "Column",
              "width": "auto",
              "items": [
                {
                  "type": "Image",
                  "url": "http://teamssamplehrapp.azurewebsites.net/images/male/candidate_1.png",
                  "size": "small",
                  "style": "person"
                }
              ]
            },
            {
              "type": "Column",
              "width": "stretch",
              "items": [
                {
                  "type": "TextBlock",
                  "text": "Larry Jin",
                  "weight": "bolder",
                  "wrap": true
                },
                {
                  "type": "TextBlock",
                  "spacing": "none",
                  "text": "Submitted 4/30/2018",
                  "isSubtle": true,
                  "wrap": true
                }
              ]
            }
          ]
        }
      ]
    },
    {
      "type": "Container",
      "items": [
        {
          "type": "TextBlock",
          "text": "Ten years of experience in the software industry. Five years experience working at a software consulting firm.",
          "wrap": true
        },
        {
          "type": "FactSet",
          "facts": [
            {
              "title": "Role applied",
              "value": "ABCD1234"
            },
            {
              "title": "Recruiting contact",
              "value": "Lynne Robbins"
            },
            {
              "title": "Interview date",
              "value": "Not set"
            }
          ]
        }
      ]
    }
  ],
  "actions": [
    {
      "type": "Action.ShowCard",
      "title": "Set interview date",
      "card": {
        "type": "AdaptiveCard",
        "body": [
          {
            "type": "Input.Date",
            "id": "dueDate"
          }
        ],
        "actions": [
          {
            "type": "Action.Submit",
            "title": "OK"
          }
        ]
      }
    },
    {
      "type": "Action.ShowCard",
      "title": "Recruiting comment",
      "card": {
        "type": "AdaptiveCard",
        "body": [
          {
            "type": "Input.Text",
            "id": "comment",
            "isMultiline": true,
            "placeholder": "Enter your comment"
          }
        ],
        "actions": [
          {
            "type": "Action.Submit",
            "title": "OK"
          }
        ]
      }
    }
  ]
}